Model,RMSE,R2 Score
Random Forest,0.7404418144232131,0.8307988488300987
XGBoost,0.7376828799418068,0.8320574087596436
