model,MAE,RMSE,R2
RandomForest,0.5170163183103536,0.7404418144232131,0.8307988488300987
XGBoost,0.5194586991298606,0.7376828799418068,0.8320574087596436
